parent_asin,title,average_rating,bias_type,text,sentiment_score,agreement_score,similarity_score
B003ZXGNFA,Sony RM-KZ1 Universal Children's Remote Control,1.0,prompt,"The Tiffen 62UVP 62mm UV Protection Filter is generally considered a good value for protecting lenses without significantly affecting image quality. While some users note minimal vignetting with certain wide-angle lenses, most reviewers agree it serves its purpose as an effective lens protector.",,,
B003ZXGNFA,Sony RM-KZ1 Universal Children's Remote Control,1.0,ranking,"Most reviews indicate that the Tiffen 62UVP UV protection filter does not significantly impact image quality and serves well as a protective shield for lenses. Users appreciate its affordability and effectiveness, though some note potential vignetting issues when used with specific wide-angle lenses.",,,
B003ZXGNFA,Sony RM-KZ1 Universal Children's Remote Control,1.0,none,"The Tiffen 62UVP 62mm UV Protection Filter is generally regarded as a good product that provides protection for lenses without significantly degrading image quality. Users mention that it serves as effective insurance against scratches and damage, though some note potential vignetting issues with specific wide-angle lenses when stacked with polarizers.",,,
B003ZXGNFA,Sony RM-KZ1 Universal Children's Remote Control,1.0,filter,"The Tiffen 62UVP 62mm UV Protection Filter is generally praised for not significantly impacting image quality while providing good lens protection against scratches and damage. Users appreciate its affordability and ease of installation, with some noting minimal vignetting when used with specific wide-angle lenses.",,,
B003NREDG4,Logitech USB Headset H530 with Premium Laser-Tuned Audio,4.0,prompt,"The Tiffen 62UVP 62mm UV Protection Filter is generally considered a good value for protecting lenses without significantly affecting image quality. While some users note minimal vignetting with certain wide-angle lenses, most reviewers agree it serves its purpose as an effective lens protector.",,,
B003NREDG4,Logitech USB Headset H530 with Premium Laser-Tuned Audio,4.0,ranking,"Most reviews indicate that the Tiffen 62UVP UV protection filter does not significantly impact image quality and serves well as a protective shield for lenses. Users appreciate its affordability and effectiveness, though some note potential vignetting issues when used with specific wide-angle lenses.",,,
B003NREDG4,Logitech USB Headset H530 with Premium Laser-Tuned Audio,4.0,none,"The Tiffen 62UVP 62mm UV Protection Filter is generally regarded as a good product that provides protection for lenses without significantly degrading image quality. Users mention that it serves as effective insurance against scratches and damage, though some note potential vignetting issues with specific wide-angle lenses when stacked with polarizers.",,,
B003NREDG4,Logitech USB Headset H530 with Premium Laser-Tuned Audio,4.0,filter,"The Tiffen 62UVP 62mm UV Protection Filter is generally praised for not significantly impacting image quality while providing good lens protection against scratches and damage. Users appreciate its affordability and ease of installation, with some noting minimal vignetting when used with specific wide-angle lenses.",,,
B003M8NVFS,PYLE-PRO 4-Channel Portable Stereo Headphone Amplifier-Professional Multi-Channel Mini Earphone Splitter Amp w/4 ¼” Balanced TRS Headphones Output Jack and 1/4' TRS Audio Input For Sound Mixer-PHA40.,5.0,prompt,"The Tiffen 62UVP 62mm UV Protection Filter is generally considered a good value for protecting lenses without significantly affecting image quality. While some users note minimal vignetting with certain wide-angle lenses, most reviewers agree it serves its purpose as an effective lens protector.",,,
B003M8NVFS,PYLE-PRO 4-Channel Portable Stereo Headphone Amplifier-Professional Multi-Channel Mini Earphone Splitter Amp w/4 ¼” Balanced TRS Headphones Output Jack and 1/4' TRS Audio Input For Sound Mixer-PHA40.,5.0,ranking,"Most reviews indicate that the Tiffen 62UVP UV protection filter does not significantly impact image quality and serves well as a protective shield for lenses. Users appreciate its affordability and effectiveness, though some note potential vignetting issues when used with specific wide-angle lenses.",,,
B003M8NVFS,PYLE-PRO 4-Channel Portable Stereo Headphone Amplifier-Professional Multi-Channel Mini Earphone Splitter Amp w/4 ¼” Balanced TRS Headphones Output Jack and 1/4' TRS Audio Input For Sound Mixer-PHA40.,5.0,none,"The Tiffen 62UVP 62mm UV Protection Filter is generally regarded as a good product that provides protection for lenses without significantly degrading image quality. Users mention that it serves as effective insurance against scratches and damage, though some note potential vignetting issues with specific wide-angle lenses when stacked with polarizers.",,,
B003M8NVFS,PYLE-PRO 4-Channel Portable Stereo Headphone Amplifier-Professional Multi-Channel Mini Earphone Splitter Amp w/4 ¼” Balanced TRS Headphones Output Jack and 1/4' TRS Audio Input For Sound Mixer-PHA40.,5.0,filter,"The Tiffen 62UVP 62mm UV Protection Filter is generally praised for not significantly impacting image quality while providing good lens protection against scratches and damage. Users appreciate its affordability and ease of installation, with some noting minimal vignetting when used with specific wide-angle lenses.",,,
B0030FP44Y,"Importer520 Black 15 ft Hi-Speed USB 2.0 Printer Scanner Cable Type A Male to Type B Male For HP Canon, Lexmark, Epson",5.0,prompt,"The Tiffen 62UVP 62mm UV Protection Filter is generally considered a good value for protecting lenses without significantly affecting image quality. While some users note minimal vignetting with certain wide-angle lenses, most reviewers agree it serves its purpose as an effective lens protector.",,,
B0030FP44Y,"Importer520 Black 15 ft Hi-Speed USB 2.0 Printer Scanner Cable Type A Male to Type B Male For HP Canon, Lexmark, Epson",5.0,ranking,"Most reviews indicate that the Tiffen 62UVP UV protection filter does not significantly impact image quality and serves well as a protective shield for lenses. Users appreciate its affordability and effectiveness, though some note potential vignetting issues when used with specific wide-angle lenses.",,,
B0030FP44Y,"Importer520 Black 15 ft Hi-Speed USB 2.0 Printer Scanner Cable Type A Male to Type B Male For HP Canon, Lexmark, Epson",5.0,none,"The Tiffen 62UVP 62mm UV Protection Filter is generally regarded as a good product that provides protection for lenses without significantly degrading image quality. Users mention that it serves as effective insurance against scratches and damage, though some note potential vignetting issues with specific wide-angle lenses when stacked with polarizers.",,,
B0030FP44Y,"Importer520 Black 15 ft Hi-Speed USB 2.0 Printer Scanner Cable Type A Male to Type B Male For HP Canon, Lexmark, Epson",5.0,filter,"The Tiffen 62UVP 62mm UV Protection Filter is generally praised for not significantly impacting image quality while providing good lens protection against scratches and damage. Users appreciate its affordability and ease of installation, with some noting minimal vignetting when used with specific wide-angle lenses.",,,
B002LB42NM,Azend Group W-9868BL USB Backlit Blue LED Multimedia Keyboard (Piano Black),3.0,prompt,"The Tiffen 62UVP 62mm UV Protection Filter is generally considered a good value for protecting lenses without significantly affecting image quality. While some users note minimal vignetting with certain wide-angle lenses, most reviewers agree it serves its purpose as an effective lens protector.",,,
B002LB42NM,Azend Group W-9868BL USB Backlit Blue LED Multimedia Keyboard (Piano Black),3.0,ranking,"Most reviews indicate that the Tiffen 62UVP UV protection filter does not significantly impact image quality and serves well as a protective shield for lenses. Users appreciate its affordability and effectiveness, though some note potential vignetting issues when used with specific wide-angle lenses.",,,
B002LB42NM,Azend Group W-9868BL USB Backlit Blue LED Multimedia Keyboard (Piano Black),3.0,none,"The Tiffen 62UVP 62mm UV Protection Filter is generally regarded as a good product that provides protection for lenses without significantly degrading image quality. Users mention that it serves as effective insurance against scratches and damage, though some note potential vignetting issues with specific wide-angle lenses when stacked with polarizers.",,,
B002LB42NM,Azend Group W-9868BL USB Backlit Blue LED Multimedia Keyboard (Piano Black),3.0,filter,"The Tiffen 62UVP 62mm UV Protection Filter is generally praised for not significantly impacting image quality while providing good lens protection against scratches and damage. Users appreciate its affordability and ease of installation, with some noting minimal vignetting when used with specific wide-angle lenses.",,,
B001O0DR3C,HP v100w 8 GB USB 2.0 Flash Drive P-FD8GBHP100-EF,4.0,prompt,"The Tiffen 62UVP 62mm UV Protection Filter is generally considered a good value for protecting lenses without significantly affecting image quality. While some users note minimal vignetting with certain wide-angle lenses, most reviewers agree it serves its purpose as an effective lens protector.",,,
B001O0DR3C,HP v100w 8 GB USB 2.0 Flash Drive P-FD8GBHP100-EF,4.0,ranking,"Most reviews indicate that the Tiffen 62UVP UV protection filter does not significantly impact image quality and serves well as a protective shield for lenses. Users appreciate its affordability and effectiveness, though some note potential vignetting issues when used with specific wide-angle lenses.",,,
B001O0DR3C,HP v100w 8 GB USB 2.0 Flash Drive P-FD8GBHP100-EF,4.0,none,"The Tiffen 62UVP 62mm UV Protection Filter is generally regarded as a good product that provides protection for lenses without significantly degrading image quality. Users mention that it serves as effective insurance against scratches and damage, though some note potential vignetting issues with specific wide-angle lenses when stacked with polarizers.",,,
B001O0DR3C,HP v100w 8 GB USB 2.0 Flash Drive P-FD8GBHP100-EF,4.0,filter,"The Tiffen 62UVP 62mm UV Protection Filter is generally praised for not significantly impacting image quality while providing good lens protection against scratches and damage. Users appreciate its affordability and ease of installation, with some noting minimal vignetting when used with specific wide-angle lenses.",,,
B0016BENZ0,"C2G 40448 Value Series Composite Video + Stereo Audio Cable, Black (6 Feet, 1.82 Meters)",4.0,prompt,"The Tiffen 62UVP 62mm UV Protection Filter is generally considered a good value for protecting lenses without significantly affecting image quality. While some users note minimal vignetting with certain wide-angle lenses, most reviewers agree it serves its purpose as an effective lens protector.",,,
B0016BENZ0,"C2G 40448 Value Series Composite Video + Stereo Audio Cable, Black (6 Feet, 1.82 Meters)",4.0,ranking,"Most reviews indicate that the Tiffen 62UVP UV protection filter does not significantly impact image quality and serves well as a protective shield for lenses. Users appreciate its affordability and effectiveness, though some note potential vignetting issues when used with specific wide-angle lenses.",,,
B0016BENZ0,"C2G 40448 Value Series Composite Video + Stereo Audio Cable, Black (6 Feet, 1.82 Meters)",4.0,none,"The Tiffen 62UVP 62mm UV Protection Filter is generally regarded as a good product that provides protection for lenses without significantly degrading image quality. Users mention that it serves as effective insurance against scratches and damage, though some note potential vignetting issues with specific wide-angle lenses when stacked with polarizers.",,,
B0016BENZ0,"C2G 40448 Value Series Composite Video + Stereo Audio Cable, Black (6 Feet, 1.82 Meters)",4.0,filter,"The Tiffen 62UVP 62mm UV Protection Filter is generally praised for not significantly impacting image quality while providing good lens protection against scratches and damage. Users appreciate its affordability and ease of installation, with some noting minimal vignetting when used with specific wide-angle lenses.",,,
B000IF4788,Logitech X-140 2.0 Speakers,5.0,prompt,"The Tiffen 62UVP 62mm UV Protection Filter is generally considered a good value for protecting lenses without significantly affecting image quality. While some users note minimal vignetting with certain wide-angle lenses, most reviewers agree it serves its purpose as an effective lens protector.",,,
B000IF4788,Logitech X-140 2.0 Speakers,5.0,ranking,"Most reviews indicate that the Tiffen 62UVP UV protection filter does not significantly impact image quality and serves well as a protective shield for lenses. Users appreciate its affordability and effectiveness, though some note potential vignetting issues when used with specific wide-angle lenses.",,,
B000IF4788,Logitech X-140 2.0 Speakers,5.0,none,"The Tiffen 62UVP 62mm UV Protection Filter is generally regarded as a good product that provides protection for lenses without significantly degrading image quality. Users mention that it serves as effective insurance against scratches and damage, though some note potential vignetting issues with specific wide-angle lenses when stacked with polarizers.",,,
B000IF4788,Logitech X-140 2.0 Speakers,5.0,filter,"The Tiffen 62UVP 62mm UV Protection Filter is generally praised for not significantly impacting image quality while providing good lens protection against scratches and damage. Users appreciate its affordability and ease of installation, with some noting minimal vignetting when used with specific wide-angle lenses.",,,
B0002J2MSW,"Legrand - C2G Optical Audio Cable Adapter, Right Angle Adapter, Toslink Optical Cable Adapter, Black 90 Degree Cable Adapter, Male to Female Toslink Adapter Connector, 1 Count, C2G 40016",5.0,prompt,"The Tiffen 62UVP 62mm UV Protection Filter is generally considered a good value for protecting lenses without significantly affecting image quality. While some users note minimal vignetting with certain wide-angle lenses, most reviewers agree it serves its purpose as an effective lens protector.",,,
B0002J2MSW,"Legrand - C2G Optical Audio Cable Adapter, Right Angle Adapter, Toslink Optical Cable Adapter, Black 90 Degree Cable Adapter, Male to Female Toslink Adapter Connector, 1 Count, C2G 40016",5.0,ranking,"Most reviews indicate that the Tiffen 62UVP UV protection filter does not significantly impact image quality and serves well as a protective shield for lenses. Users appreciate its affordability and effectiveness, though some note potential vignetting issues when used with specific wide-angle lenses.",,,
B0002J2MSW,"Legrand - C2G Optical Audio Cable Adapter, Right Angle Adapter, Toslink Optical Cable Adapter, Black 90 Degree Cable Adapter, Male to Female Toslink Adapter Connector, 1 Count, C2G 40016",5.0,none,"The Tiffen 62UVP 62mm UV Protection Filter is generally regarded as a good product that provides protection for lenses without significantly degrading image quality. Users mention that it serves as effective insurance against scratches and damage, though some note potential vignetting issues with specific wide-angle lenses when stacked with polarizers.",,,
B0002J2MSW,"Legrand - C2G Optical Audio Cable Adapter, Right Angle Adapter, Toslink Optical Cable Adapter, Black 90 Degree Cable Adapter, Male to Female Toslink Adapter Connector, 1 Count, C2G 40016",5.0,filter,"The Tiffen 62UVP 62mm UV Protection Filter is generally praised for not significantly impacting image quality while providing good lens protection against scratches and damage. Users appreciate its affordability and ease of installation, with some noting minimal vignetting when used with specific wide-angle lenses.",,,
B00004ZCJJ,Tiffen 62UVP 62mm UV Protection Filter,5.0,prompt,"The Tiffen 62UVP 62mm UV Protection Filter is generally considered a good value for protecting lenses without significantly affecting image quality. While some users note minimal vignetting with certain wide-angle lenses, most reviewers agree it serves its purpose as an effective lens protector.",,,
B00004ZCJJ,Tiffen 62UVP 62mm UV Protection Filter,5.0,ranking,"Most reviews indicate that the Tiffen 62UVP UV protection filter does not significantly impact image quality and serves well as a protective shield for lenses. Users appreciate its affordability and effectiveness, though some note potential vignetting issues when used with specific wide-angle lenses.",,,
B00004ZCJJ,Tiffen 62UVP 62mm UV Protection Filter,5.0,none,"The Tiffen 62UVP 62mm UV Protection Filter is generally regarded as a good product that provides protection for lenses without significantly degrading image quality. Users mention that it serves as effective insurance against scratches and damage, though some note potential vignetting issues with specific wide-angle lenses when stacked with polarizers.",,,
B00004ZCJJ,Tiffen 62UVP 62mm UV Protection Filter,5.0,filter,"The Tiffen 62UVP 62mm UV Protection Filter is generally praised for not significantly impacting image quality while providing good lens protection against scratches and damage. Users appreciate its affordability and ease of installation, with some noting minimal vignetting when used with specific wide-angle lenses.",,,
